{
  "rmse": 0.27362822914773416,
  "mae": 0.21209136378643847,
  "r2": 0.7851703502457043,
  "aic": 7087.799727288295,
  "bic": -344189.2206590069,
  "spline_df": 6,
  "spline_degree": 3,
  "n_smooth_terms": 15
}