{
  "rmse": 0.34721132475466077,
  "mae": 0.27495586499340563,
  "r2": 0.6540923360153668,
  "aic": 22810.92569609605,
  "bic": -343208.02086872247
}